{
  "vendedores": [
    {
      "id": 1,
      "tipo": "Supervisora",
      "nome": "Leticia Moreti",
      "idade": 21,
      "ano-admissao": 2008,
      "salario": 3050,
      "cpf": 4901457796,
      "rg": "4645454646"
    },
    {
      "id": 2,
      "tipo": "Auxiliar de Atendente",
      "nome": "Kauã Soares",
      "idade": 19,
      "ano-admissao": 2017,
      "salario": 2550,
      "cpf": 854679562,
      "rg": "645454"
    },
    {
      "id": 3,
      "tipo": "Auxiliar de Serviços Gerais",
      "nome": "Alberto Duarte",
      "idade": 42,
      "ano-admissao": 2005,
      "salario": 1500,
      "cpf": 1216479632,
      "rg": "45646545"
    },
    {
      "id": 4,
      "tipo": "Atendimento ao cliente",
      "nome": "Bruno Silva",
      "idade": 25,
      "ano-admissao": 2019,
      "salario": 1500,
      "cpf": 9874545985,
      "rg": "654464564567"
    }
  ],
  "imovel": [
    {
      "id": 1,
      "tipo": "Romance",
      "name": "Romance",
      "filme": "Os Sete Maridos De Evelyn Hugo",
      "duracao": "(21) 97672-1188",
      "classificacao": "R$15,00",
      "horario": "29,90",
      "idioma": " Evelyn Hugo, uma das maiores estrelas de Hollywood, agora a aproximar-se dos 80 anos, decide finalmente contar tudo sobre a sua vida recheada de glamour e de uma boa dose de escândalos. Quando escolhe a desconhecida Monique Grant para escrever a sua história, todos ficam surpreendidos, incluindo a própria jornalista.",
      "assento": "1 M",
      "budget": "90000",
      "category": {
        "id": "Romance",
        "tipo": "Romance"
      },
      "titulo": "Sol da Meia Noite",
      "fone": "(21) 97672-1188",
      "preco": "15.00",
      "descricao": "No aguardado Sol da meia-noite, vamos testemunhar o nascimento desse amor pelo olhar de Edward, mergulhando em um universo novo, sombrio e surpreendente, cheio de revelações. Conhecer Bella foi o que aconteceu de mais irritante e instigante em todos os anos de Edward como vampiro."
    },
    {
      "id": 2,
      "tipo": "Romance",
      "filme": "Vermelho Branco e Sangue Azul",
      "duracao": "(21) 97577-4456",
      "classificacao": " 17",
      "horario": "18,90",
      "idioma": "O que pode acontecer quando o filho da presidenta dos Estados Unidos se apaixona pelo príncipe da Inglaterra? “Vermelho, branco e sangue azul é escandalosamente divertido. É romântico, sexy, espirituoso e emocionante. Amei cada segundo.” — Taylor Jenkins Reid, autora de Daisy Jones & The Six e Os sete maridos de Evelyn Hugo",
      "assento": "1 M",
      "budget": "90000",
      "category": {
        "id": "Romance",
        "tipo": "Romance"
      }
    },
    {
      "id": 3,
      "tipo": "Fantasia",
      "filme": "Mo Dao Zu Shi : O Fundador Da Cultivação Demoniaca - Livro 1",
      "duracao": "(21) 97328-4965",
      "classificacao": "Maiores de 16",
      "horario": "48,90",
      "idioma": "Precisando lidar com fantasmas do seu passado, juntamente a problemas e mistérios do presente, Wei Wuxian acaba se envolvendo em uma missão única, enquanto relembra sua vida anterior. E na companhia do estimado e impecável Lan Wangji, quantas coisas poderão descobrir e até onde chegarão juntos?",
      "assento": "1M",
      "budget": "90000",
      "category": {
        "id": "Suspense",
        "tipo": "Suspense"
      }
    },
    {
      "tipo": "Não Ficção",
      "filme": "O diario de Anne Frank",
      "duracao": "(21) 98567-1895",
      "horario": "9,90",
      "idioma": "O Diário de Anne Frank é um relato de adolescente.  Porém de uma adolescente submetida a condições extremas, no período mais difícil da adolescência, tendo que não apenas se esconder, mas também que dividir um pequeno espaço com familiares e estranhos.",
      "category": {
        "id": "Drama",
        "tipo": "Drama"
      },
      "cost": 0,
      "services": [],
      "id": 4
    },
    {
      "tipo": "Romance",
      "filme": "Enquanto Eu Não Te Encontro",
      "duracao": "(21) 99658-4265",
      "horario": "25,90",
      "idioma": "Pierre, um lindo garoto francês que parece ter saído dos seus sonhos. Em meio a drinques, segredos e sonhos partilhados, Lucas e Pierre se conectam instantaneamente. Eles vivem o encontro mais especial de suas vidas, mas o Universo tem outros planos para o futuro…",
      "category": {
        "id": "Romance",
        "tipo": "Romance"
      },
      "cost": 0,
      "services": [],
      "id": 5
    },
    {
      "filme": "É Assim Que Acaba",
      "duracao": "(21) 98578-1548",
      "cost": 0,
      "services": [],
      "id": 6,
      "horario": "18,90",
      "idioma": "Um romance sobre a força necessária para fazer as escolhas corretas nas situações mais difíceis. Da autora das séries Slammed e Hopeless. Lily nem sempre teve uma vida fácil, mas isso nunca a impediu de trabalhar arduamente para conquistar a vida tão sonhada.",
      "category": {
        "id": "Drama",
        "tipo": "Drama"
      }
    },
    {
      "filme": "Biblioteca da Meia Noite",
      "duracao": "(21) 98746-9245",
      "horario": "19,90",
      "idioma": "Após ser demitida e seu gato ser atropelado, Nora vê pouco sentido em sua existência e decide colocar um ponto final em tudo. Porém, quando se vê na Biblioteca da Meia-Noite, Nora ganha uma oportunidade única de viver todas as vidas que poderia ter vivido.",
      "category": {
        "id": "Fantasia",
        "tipo": "Fantasia"
      },
      "cost": 0,
      "services": [],
      "id": 7
    },
    {
      "filme": "A Garota do Lago",
      "duracao": "(21) 97577-4456",
      "idioma": "Filha de um poderoso advogado, Becca estava no auge de sua vida. Atraída instintivamente pela notícia, a repórter Kelsey Castle vai até a cidade para investigar o caso. ... E LOGO SE ESTABELECE UMA CONEXÃO ÍNTIMA QUANDO UM VIVO CAMINHA NAS MESMAS PEGADAS DOS MORTOS...",
      "horario": "19,90",
      "category": {
        "id": "Suspense",
        "tipo": "Suspense"
      },
      "cost": 0,
      "services": [],
      "id": 8
    },
    {
      "filme": "A Cinco Passos De Você",
      "duracao": "(21) 976721188",
      "horario": "16,90",
      "idioma": "“A cinco passos de você” é uma história adolescente que valoriza a família, a lealdade entre amigos, o poder e a importância do amor e aumenta a conscientização sobre a fibrose cística. É um “sick-lit”, assim como “A culpa das estrelas” e o fator “amantes que não podem se tocar” lembra muito “Tudo e todas as coisas”.",
      "category": {
        "id": "Romance",
        "tipo": "Romance"
      },
      "cost": 0,
      "services": [],
      "id": 9
    },
    {
      "filme": "lçsevpikjwpi",
      "duracao": "jrwrgg35rgq5g35g45",
      "horario": "klnsiprvnpw",
      "idioma": "aiehrpig",
      "category": {
        "id": "Poesia",
        "tipo": "Poesia"
      },
      "cost": 0,
      "services": [],
      "id": 10
    }
  ],
  "compradores": [
    {
      "id": 1,
      "tipo": "Na planta",
      "nome": "José Roberto",
      "idade": 49,
      "entrada": 200000,
      "imovelId": 1,
      "cpf": 4901457796
    },
    {
      "id": 2,
      "tipo": "Médio padrão",
      "nome": "Maitê Moura",
      "idade": 38,
      "entrada": 150000,
      "imovelId": 2,
      "cpf": 789456123
    },
    {
      "id": 3,
      "tipo": "Alto padrão",
      "nome": "Carla Donato",
      "idade": 35,
      "entrada": 300000,
      "imovelId": 3,
      "cpf": 456789123
    }
  ],
  "Novase": [
    {}
  ],
  "Filmes": [
    {
      "id": 1,
      "name": "Pantera Negra: Wakanda Para Sempre",
      "descricao": "Em Wakanda, a Rainha Ramonda, Shuri, M'Baku, Okoye e as Dora Milaje lutam para proteger a sua nação de potências mundiais, na sequência da morte do rei T'Challa. Enquanto os Wakandianos se esforçam para abraçar o próximo capítulo, os heróis unem-se com a ajuda de War Dog Nakia e Everett Ross para descobrirem um novo caminho para o reino de Wakanda.",
      "genero": "Aventura",
      "sala_id": "3",
      "sessao_id": "2",
      "cartaz": "https://s2.glbimg.com/CV473j0T17G1kNT369lbJ_jJKSE=/0x0:743x1100/984x0/smart/filters:strip_icc()/i.s3.glbimg.com/v1/AUTH_ba3db981e6d14e54bb84be31c923b00c/internal_photos/bs/2022/A/A/tUlOuNRDGBdBhUaBgGtg/wakanda.png"
    },
    {
      "id": 2,
      "name": "Adão Negro",
      "descricao": "Nascido no Egito Antigo, o anti-herói tem super força, velocidade, resistência, capacidade de voar e de disparar raios. Alter ego de Teth-Adam e filho do faraó Ramsés II, Adão Negro foi consumido por poderes mágicos e transformado em um feiticeiro. Grande inimigo de Shazam! nas HQs, apesar dele acreditar em seu pontecial e, inclusive, oferecê-lo como um guerreiro do bem, Adão Negro acaba usando suas habilidades especiais para o mal. O anti-herói em busca de redenção ou um herói que se tornou vilão, pode ser capaz de destruir tudo o que estiver pela frente - ou de encontrar seu caminho.",
      "genero": "Ação",
      "sala_id": "3",
      "sessao_id": "2",
      "cartaz": "https://encrypted-tbn3.gstatic.com/images?q=tbn:ANd9GcSrULQHUpm3Zr60AXFAltaQkpo6DAe8FZmhSrYsa7t5DCUeaeF9"
    },
    {
      "id": 3,
      "name": "Não se preocupe, querida",
      "descricao": "O casal Alice (Florence Pugh) e Jack (Harry Styles) mora numa cidade experimental do ultrassecreto Projeto Vitória. A vida nesta comunidade planejada da década de 1950 é, praticamente, perfeita. Todas as necessidades dos moradores são atendidas pela empresa. A única contrapartida, não negociável, exigida é a discrição, como lembra um dos líderes (Chris Pine). Quando o mistério passa a incomodar alguns vizinhos e muitas dúvidas são deixadas no ar, Alice acredita que eles precisam ir embora dali. Só que essa escolha pode não ser tão simples.",
      "genero": "Drama",
      "sala_id": "2",
      "sessao_id": "1",
      "cartaz": "https://portalpopline.com.br/wp-content/uploads/2022/09/FcjB3qeXoAAl1wt-640x800.jpg"
    },
    {
      "id": 4,
      "name": "Crepúsculo",
      "descricao": "A estudante Bella Swan conhece Edward Cullen, um belo mas misterioso adolescente. Edward é um vampiro, cuja família não bebe sangue, e Bella, longe de ficar assustada, se envolve em um romance perigoso com sua alma gêmea imortal.",
      "genero": "Romance",
      "sala_id": "4",
      "sessao_id": "4",
      "cartaz": "https://upload.wikimedia.org/wikipedia/pt/c/c1/Twilight_Poster.jpg"
    }
  ],
  "Salas": [
    {
      "id": 1,
      "sala": "1",
      "assentos": "48"
    },
    {
      "id": 2,
      "sala": "2",
      "assentos": "50"
    },
    {
      "id": 3,
      "sala": "3",
      "assentos": "68"
    },
    {
      "id": 4,
      "sala": "4",
      "assentos": "88"
    }
  ],
  "Sessao": [
    {
      "id": 1,
      "nome": "Legendado",
      "tela": "2D"
    },
    {
      "id": 2,
      "nome": "Nacional",
      "tela": "2D"
    },
    {
      "id": 3,
      "nome": "Dublado",
      "tela": "3D"
    },
    {
      "id": 4,
      "nome": "Legendado",
      "tela": "4D"
    }
  ]
}